"","label","doi","mendeley_tags","title","year","byproduct","tag"
"1","ISI.000300282900026","10.1007/s11947-010-0331-7","Enzymes,Microbial transformation","Production and Application of Xylanase from Penicillium sp Utilizing Coffee By-products","2012","Husk","Enzymes"
"2","ISI.000300282900026","10.1007/s11947-010-0331-7","Enzymes,Microbial transformation","Production and Application of Xylanase from Penicillium sp Utilizing Coffee By-products","2012","Husk","Microbial transformation"
"3","Orosco2018",NA,"Biochar,Gasification,Syngas","Residual biomass gasification on a small scale and its thermal utilization for coffee drying","2018","Husk","Biochar"
"4","Orosco2018",NA,"Biochar,Gasification,Syngas","Residual biomass gasification on a small scale and its thermal utilization for coffee drying","2018","Husk","Gasification"
"5","Orosco2018",NA,"Biochar,Gasification,Syngas","Residual biomass gasification on a small scale and its thermal utilization for coffee drying","2018","Husk","Syngas"
"6","ISI.000189437500029",NA,"Ensiling,Environmental applications,Microbial transformation,Organic acids","Isolation and identification of lactic acid bacteria from mature coffee cheries: Potential application in coffee husk ensiling","2003","Husk","Ensiling"
"7","ISI.000189437500029",NA,"Ensiling,Environmental applications,Microbial transformation,Organic acids","Isolation and identification of lactic acid bacteria from mature coffee cheries: Potential application in coffee husk ensiling","2003","Husk","Environmental applications"
"8","ISI.000189437500029",NA,"Ensiling,Environmental applications,Microbial transformation,Organic acids","Isolation and identification of lactic acid bacteria from mature coffee cheries: Potential application in coffee husk ensiling","2003","Husk","Microbial transformation"
"9","ISI.000189437500029",NA,"Ensiling,Environmental applications,Microbial transformation,Organic acids","Isolation and identification of lactic acid bacteria from mature coffee cheries: Potential application in coffee husk ensiling","2003","Husk","Organic acids"
"10","Zoca2014155","10.1007/s40093-014-0078-7","Environmental applications,Fertilizers","Coffee processing residues as a soil potassium amendment","2014","Husk","Environmental applications"
"11","Zoca2014155","10.1007/s40093-014-0078-7","Environmental applications,Fertilizers","Coffee processing residues as a soil potassium amendment","2014","Husk","Fertilizers"
"12","ISI.000299120100010","10.1007/s00253-011-3737-x","Caffeine,Microbial transformation","Physiology, biochemistry and possible applications of microbial caffeine degradation","2012","Husk","Caffeine"
"13","ISI.000299120100010","10.1007/s00253-011-3737-x","Caffeine,Microbial transformation","Physiology, biochemistry and possible applications of microbial caffeine degradation","2012","Husk","Microbial transformation"
"14","Kasuya2015301","10.1016/B978-0-12-409517-5.00033-4","Edible mushrooms,Food,Microbial transformation","Production of Selenium-Enriched Mushrooms in Coffee Husks and Use of This Colonized Residue","2015","Husk","Edible mushrooms"
"15","Kasuya2015301","10.1016/B978-0-12-409517-5.00033-4","Edible mushrooms,Food,Microbial transformation","Production of Selenium-Enriched Mushrooms in Coffee Husks and Use of This Colonized Residue","2015","Husk","Food"
"16","Kasuya2015301","10.1016/B978-0-12-409517-5.00033-4","Edible mushrooms,Food,Microbial transformation","Production of Selenium-Enriched Mushrooms in Coffee Husks and Use of This Colonized Residue","2015","Husk","Microbial transformation"
"17","ISI.000470702200024","10.5433/1679-0359.2019v40n4p1653","Bioactive compounds,Feed","Replacing oat hay with coffee husk in the feed of finishing lambs","2019","Husk","Bioactive compounds"
"18","ISI.000470702200024","10.5433/1679-0359.2019v40n4p1653","Bioactive compounds,Feed","Replacing oat hay with coffee husk in the feed of finishing lambs","2019","Husk","Feed"
"19","ISI.000322240100013","10.1007/s00449-012-0865-3","Enzymes,Microbial transformation","Production, statistical optimization and application of endoglucanase from Rhizopus stolonifer utilizing coffee husk","2013","Husk","Enzymes"
"20","ISI.000322240100013","10.1007/s00449-012-0865-3","Enzymes,Microbial transformation","Production, statistical optimization and application of endoglucanase from Rhizopus stolonifer utilizing coffee husk","2013","Husk","Microbial transformation"
"21","Navya2012781","10.5829/idosi.wasj.2012.20.06.6689","Enzymes,Microbial transformation","Bioconversion of coffee husk cellulose and statistical optimization of process for production of exoglucanase by rhizopus stolonifer","2012","Husk","Enzymes"
"22","Navya2012781","10.5829/idosi.wasj.2012.20.06.6689","Enzymes,Microbial transformation","Bioconversion of coffee husk cellulose and statistical optimization of process for production of exoglucanase by rhizopus stolonifer","2012","Husk","Microbial transformation"
"23","Cholakov2013497",NA,"Bioadsorbents,Biodiesel,Environmental applications,NA CH","Extracts from coffee by-products as potential raw materials for fuel additives and carbon adsorbents","2013","Husk","Bioadsorbents"
"24","Cholakov2013497",NA,"Bioadsorbents,Biodiesel,Environmental applications,NA CH","Extracts from coffee by-products as potential raw materials for fuel additives and carbon adsorbents","2013","Husk","Biodiesel"
"25","Cholakov2013497",NA,"Bioadsorbents,Biodiesel,Environmental applications,NA CH","Extracts from coffee by-products as potential raw materials for fuel additives and carbon adsorbents","2013","Husk","Environmental applications"
"26","Cholakov2013497",NA,"Bioadsorbents,Biodiesel,Environmental applications,NA CH","Extracts from coffee by-products as potential raw materials for fuel additives and carbon adsorbents","2013","Husk","NA CH"
"27","PalominoGarca2015777","10.5433/1679-0359.2015v36n2p777","Bioactive compounds,Microbial transformation,Organic acids,Phenolic compounds","The effect of fungal fermentation in phenolics content in robusta coffee husk [Efeito da fermenta{\c{c}}{\~{a}}o f{\'{u}}ngica no teor de compostos fen{\'{o}}licos em casca de caf{\'{e}} robusta]","2015","Husk","Bioactive compounds"
"28","PalominoGarca2015777","10.5433/1679-0359.2015v36n2p777","Bioactive compounds,Microbial transformation,Organic acids,Phenolic compounds","The effect of fungal fermentation in phenolics content in robusta coffee husk [Efeito da fermenta{\c{c}}{\~{a}}o f{\'{u}}ngica no teor de compostos fen{\'{o}}licos em casca de caf{\'{e}} robusta]","2015","Husk","Microbial transformation"
"29","PalominoGarca2015777","10.5433/1679-0359.2015v36n2p777","Bioactive compounds,Microbial transformation,Organic acids,Phenolic compounds","The effect of fungal fermentation in phenolics content in robusta coffee husk [Efeito da fermenta{\c{c}}{\~{a}}o f{\'{u}}ngica no teor de compostos fen{\'{o}}licos em casca de caf{\'{e}} robusta]","2015","Husk","Organic acids"
"30","PalominoGarca2015777","10.5433/1679-0359.2015v36n2p777","Bioactive compounds,Microbial transformation,Organic acids,Phenolic compounds","The effect of fungal fermentation in phenolics content in robusta coffee husk [Efeito da fermenta{\c{c}}{\~{a}}o f{\'{u}}ngica no teor de compostos fen{\'{o}}licos em casca de caf{\'{e}} robusta]","2015","Husk","Phenolic compounds"
"31","ISI.000372909300005","10.1080/00103624.2016.1146741","Composting,Environmental applications","Physico-Chemical Evaluation of Organic Wastes Compost-Based Substrates for Eucalyptus Seedlings Growth","2016","Husk","Composting"
"32","ISI.000372909300005","10.1080/00103624.2016.1146741","Composting,Environmental applications","Physico-Chemical Evaluation of Organic Wastes Compost-Based Substrates for Eucalyptus Seedlings Growth","2016","Husk","Environmental applications"
"33","ISI.000553577300005","10.1007/s40093-019-0256-8","Composting,Environmental applications","Composting and co-composting of coffee husk and pulp with source-separated municipal solid waste: a breakthrough in valorization of coffee waste","2019","Husk","Composting"
"34","ISI.000553577300005","10.1007/s40093-019-0256-8","Composting,Environmental applications","Composting and co-composting of coffee husk and pulp with source-separated municipal solid waste: a breakthrough in valorization of coffee waste","2019","Husk","Environmental applications"
"35","ISI.000300921200020","10.1016/j.biombioe.2011.12.017","Bio-oil,Bioadsorbents,Biochar,Environmental applications,Gasification,Pyrolysis","Comparison of kiln-derived and gasifier-derived biochars as soil amendments in the humid tropics","2012","Husk","Bio-oil"
"36","ISI.000300921200020","10.1016/j.biombioe.2011.12.017","Bio-oil,Bioadsorbents,Biochar,Environmental applications,Gasification,Pyrolysis","Comparison of kiln-derived and gasifier-derived biochars as soil amendments in the humid tropics","2012","Husk","Bioadsorbents"
"37","ISI.000300921200020","10.1016/j.biombioe.2011.12.017","Bio-oil,Bioadsorbents,Biochar,Environmental applications,Gasification,Pyrolysis","Comparison of kiln-derived and gasifier-derived biochars as soil amendments in the humid tropics","2012","Husk","Biochar"
"38","ISI.000300921200020","10.1016/j.biombioe.2011.12.017","Bio-oil,Bioadsorbents,Biochar,Environmental applications,Gasification,Pyrolysis","Comparison of kiln-derived and gasifier-derived biochars as soil amendments in the humid tropics","2012","Husk","Environmental applications"
"39","ISI.000300921200020","10.1016/j.biombioe.2011.12.017","Bio-oil,Bioadsorbents,Biochar,Environmental applications,Gasification,Pyrolysis","Comparison of kiln-derived and gasifier-derived biochars as soil amendments in the humid tropics","2012","Husk","Gasification"
"40","ISI.000300921200020","10.1016/j.biombioe.2011.12.017","Bio-oil,Bioadsorbents,Biochar,Environmental applications,Gasification,Pyrolysis","Comparison of kiln-derived and gasifier-derived biochars as soil amendments in the humid tropics","2012","Husk","Pyrolysis"
"41","ISI.000300282900026","10.1007/s11947-010-0331-7","Enzymes,Microbial transformation","Production and Application of Xylanase from Penicillium sp Utilizing Coffee By-products","2012","Pulp","Enzymes"
"42","ISI.000300282900026","10.1007/s11947-010-0331-7","Enzymes,Microbial transformation","Production and Application of Xylanase from Penicillium sp Utilizing Coffee By-products","2012","Pulp","Microbial transformation"
"43","Orosco2018",NA,"Biochar,Gasification,Syngas","Residual biomass gasification on a small scale and its thermal utilization for coffee drying","2018","Pulp","Biochar"
"44","Orosco2018",NA,"Biochar,Gasification,Syngas","Residual biomass gasification on a small scale and its thermal utilization for coffee drying","2018","Pulp","Gasification"
"45","Orosco2018",NA,"Biochar,Gasification,Syngas","Residual biomass gasification on a small scale and its thermal utilization for coffee drying","2018","Pulp","Syngas"
"46","ISI.000189437500029",NA,"Ensiling,Environmental applications,Microbial transformation,Organic acids","Isolation and identification of lactic acid bacteria from mature coffee cheries: Potential application in coffee husk ensiling","2003","Pulp","Ensiling"
"47","ISI.000189437500029",NA,"Ensiling,Environmental applications,Microbial transformation,Organic acids","Isolation and identification of lactic acid bacteria from mature coffee cheries: Potential application in coffee husk ensiling","2003","Pulp","Environmental applications"
"48","ISI.000189437500029",NA,"Ensiling,Environmental applications,Microbial transformation,Organic acids","Isolation and identification of lactic acid bacteria from mature coffee cheries: Potential application in coffee husk ensiling","2003","Pulp","Microbial transformation"
"49","ISI.000189437500029",NA,"Ensiling,Environmental applications,Microbial transformation,Organic acids","Isolation and identification of lactic acid bacteria from mature coffee cheries: Potential application in coffee husk ensiling","2003","Pulp","Organic acids"
"50","ISI.000417976200010",NA,"Edible mushrooms,NA CP","UTILIZATION OF AGRICULTURAL AND AGRO INDUSTRIAL RESIDUES IN THE CULTIVATION AND PRODUCTION OF EDIBLE MUSHROOM (Pleurotus spp.)","2016","Pulp","Edible mushrooms"
"51","ISI.000417976200010",NA,"Edible mushrooms,NA CP","UTILIZATION OF AGRICULTURAL AND AGRO INDUSTRIAL RESIDUES IN THE CULTIVATION AND PRODUCTION OF EDIBLE MUSHROOM (Pleurotus spp.)","2016","Pulp","NA CP"
"52","Aguilar2020","10.3390/w12092500","Bioadsorbents,Environmental applications","Using coffee pulp as bioadsorbent for the removal of manganese (Mn (II)) from synthetic wastewater","2020","Pulp","Bioadsorbents"
"53","Aguilar2020","10.3390/w12092500","Bioadsorbents,Environmental applications","Using coffee pulp as bioadsorbent for the removal of manganese (Mn (II)) from synthetic wastewater","2020","Pulp","Environmental applications"
"54","Moreau2003223","10.1590/S1516-89132003000200014","Ensiling,Environmental applications,Feed","Dietary utilisation of protein and energy from fresh and ensiled coffee pulp by the Nile tilapia, Oreochromis niloticus","2003","Pulp","Ensiling"
"55","Moreau2003223","10.1590/S1516-89132003000200014","Ensiling,Environmental applications,Feed","Dietary utilisation of protein and energy from fresh and ensiled coffee pulp by the Nile tilapia, Oreochromis niloticus","2003","Pulp","Environmental applications"
"56","Moreau2003223","10.1590/S1516-89132003000200014","Ensiling,Environmental applications,Feed","Dietary utilisation of protein and energy from fresh and ensiled coffee pulp by the Nile tilapia, Oreochromis niloticus","2003","Pulp","Feed"
"57","ISI.000530593600001","10.1007/s13197-020-04485-4","Beverages,Food and feed,Microbial transformation","Production and characterization of a new distillate obtained from fermentation of wet processing coffee by-products","2020","Pulp","Beverages"
"58","ISI.000530593600001","10.1007/s13197-020-04485-4","Beverages,Food and feed,Microbial transformation","Production and characterization of a new distillate obtained from fermentation of wet processing coffee by-products","2020","Pulp","Food and feed"
"59","ISI.000530593600001","10.1007/s13197-020-04485-4","Beverages,Food and feed,Microbial transformation","Production and characterization of a new distillate obtained from fermentation of wet processing coffee by-products","2020","Pulp","Microbial transformation"
"60","ISI.000488301000002","10.17306/J.AFS.2019.0663","Antioxidant activity,Beverages,Bioactive compounds,Food,Food and feed,Polyphenols","ANTIOXIDANT CAPACITY, BIOACTIVE COMPOUNDS IN COFFEE PULP AND IMPLEMENTATION IN THE PRODUCTION OF INFUSIONS","2019","Pulp","Antioxidant activity"
"61","ISI.000488301000002","10.17306/J.AFS.2019.0663","Antioxidant activity,Beverages,Bioactive compounds,Food,Food and feed,Polyphenols","ANTIOXIDANT CAPACITY, BIOACTIVE COMPOUNDS IN COFFEE PULP AND IMPLEMENTATION IN THE PRODUCTION OF INFUSIONS","2019","Pulp","Beverages"
"62","ISI.000488301000002","10.17306/J.AFS.2019.0663","Antioxidant activity,Beverages,Bioactive compounds,Food,Food and feed,Polyphenols","ANTIOXIDANT CAPACITY, BIOACTIVE COMPOUNDS IN COFFEE PULP AND IMPLEMENTATION IN THE PRODUCTION OF INFUSIONS","2019","Pulp","Bioactive compounds"
"63","ISI.000488301000002","10.17306/J.AFS.2019.0663","Antioxidant activity,Beverages,Bioactive compounds,Food,Food and feed,Polyphenols","ANTIOXIDANT CAPACITY, BIOACTIVE COMPOUNDS IN COFFEE PULP AND IMPLEMENTATION IN THE PRODUCTION OF INFUSIONS","2019","Pulp","Food"
"64","ISI.000488301000002","10.17306/J.AFS.2019.0663","Antioxidant activity,Beverages,Bioactive compounds,Food,Food and feed,Polyphenols","ANTIOXIDANT CAPACITY, BIOACTIVE COMPOUNDS IN COFFEE PULP AND IMPLEMENTATION IN THE PRODUCTION OF INFUSIONS","2019","Pulp","Food and feed"
"65","ISI.000488301000002","10.17306/J.AFS.2019.0663","Antioxidant activity,Beverages,Bioactive compounds,Food,Food and feed,Polyphenols","ANTIOXIDANT CAPACITY, BIOACTIVE COMPOUNDS IN COFFEE PULP AND IMPLEMENTATION IN THE PRODUCTION OF INFUSIONS","2019","Pulp","Polyphenols"
"66","Berecha2011255","10.3923/ijar.2011.255.267","Composting,Environmental applications","Exploring the suitability of coffee pulp compost as growth media substitute in greenhouse production","2011","Pulp","Composting"
"67","Berecha2011255","10.3923/ijar.2011.255.267","Composting,Environmental applications","Exploring the suitability of coffee pulp compost as growth media substitute in greenhouse production","2011","Pulp","Environmental applications"
"68","ISI.000238797300006","10.1016/j.carres.2006.04.020","Bioactive compounds,Enzymes,Microbial transformation,Phenolic compounds","Feruloyl esterases as a tool for the release of phenolic compounds from agro-industrial by-products","2006","Pulp","Bioactive compounds"
"69","ISI.000238797300006","10.1016/j.carres.2006.04.020","Bioactive compounds,Enzymes,Microbial transformation,Phenolic compounds","Feruloyl esterases as a tool for the release of phenolic compounds from agro-industrial by-products","2006","Pulp","Enzymes"
"70","ISI.000238797300006","10.1016/j.carres.2006.04.020","Bioactive compounds,Enzymes,Microbial transformation,Phenolic compounds","Feruloyl esterases as a tool for the release of phenolic compounds from agro-industrial by-products","2006","Pulp","Microbial transformation"
"71","ISI.000238797300006","10.1016/j.carres.2006.04.020","Bioactive compounds,Enzymes,Microbial transformation,Phenolic compounds","Feruloyl esterases as a tool for the release of phenolic compounds from agro-industrial by-products","2006","Pulp","Phenolic compounds"
"72","ISI.000401203500001","10.1016/j.nbt.2017.01.002","Enzymes,Microbial transformation","A p-coumaroyl esterase from Rhizoctonia solani with a pronounced chlorogenic acid esterase activity","2017","Pulp","Enzymes"
"73","ISI.000401203500001","10.1016/j.nbt.2017.01.002","Enzymes,Microbial transformation","A p-coumaroyl esterase from Rhizoctonia solani with a pronounced chlorogenic acid esterase activity","2017","Pulp","Microbial transformation"
"74","ISI.000522648200064","10.1016/j.foodchem.2020.126600","Bioactive compounds,Caffeine,Microbial transformation,Organic acids,Phenolic compounds","Alcoholic fermentation as a potential tool for coffee pulp detoxification and reuse: Analysis of phenolic composition and caffeine content by HPLC-DAD-MS/MS","2020","Pulp","Bioactive compounds"
"75","ISI.000522648200064","10.1016/j.foodchem.2020.126600","Bioactive compounds,Caffeine,Microbial transformation,Organic acids,Phenolic compounds","Alcoholic fermentation as a potential tool for coffee pulp detoxification and reuse: Analysis of phenolic composition and caffeine content by HPLC-DAD-MS/MS","2020","Pulp","Caffeine"
"76","ISI.000522648200064","10.1016/j.foodchem.2020.126600","Bioactive compounds,Caffeine,Microbial transformation,Organic acids,Phenolic compounds","Alcoholic fermentation as a potential tool for coffee pulp detoxification and reuse: Analysis of phenolic composition and caffeine content by HPLC-DAD-MS/MS","2020","Pulp","Microbial transformation"
"77","ISI.000522648200064","10.1016/j.foodchem.2020.126600","Bioactive compounds,Caffeine,Microbial transformation,Organic acids,Phenolic compounds","Alcoholic fermentation as a potential tool for coffee pulp detoxification and reuse: Analysis of phenolic composition and caffeine content by HPLC-DAD-MS/MS","2020","Pulp","Organic acids"
"78","ISI.000522648200064","10.1016/j.foodchem.2020.126600","Bioactive compounds,Caffeine,Microbial transformation,Organic acids,Phenolic compounds","Alcoholic fermentation as a potential tool for coffee pulp detoxification and reuse: Analysis of phenolic composition and caffeine content by HPLC-DAD-MS/MS","2020","Pulp","Phenolic compounds"
"79","ISI.000555863500013","10.24275/rmiq.Bio1612","Antimicrobial,Bioactive compounds,Phenols,Preservatives","Wet processing coffee waste as an alternative to produce extracts with antifungal activity: In vitro and in vivo valorization","2020","Pulp","Antimicrobial"
"80","ISI.000555863500013","10.24275/rmiq.Bio1612","Antimicrobial,Bioactive compounds,Phenols,Preservatives","Wet processing coffee waste as an alternative to produce extracts with antifungal activity: In vitro and in vivo valorization","2020","Pulp","Bioactive compounds"
"81","ISI.000555863500013","10.24275/rmiq.Bio1612","Antimicrobial,Bioactive compounds,Phenols,Preservatives","Wet processing coffee waste as an alternative to produce extracts with antifungal activity: In vitro and in vivo valorization","2020","Pulp","Phenols"
"82","ISI.000555863500013","10.24275/rmiq.Bio1612","Antimicrobial,Bioactive compounds,Phenols,Preservatives","Wet processing coffee waste as an alternative to produce extracts with antifungal activity: In vitro and in vivo valorization","2020","Pulp","Preservatives"
"83","Wen2019","10.1111/jfpe.13191","Bioactive compounds,NA CP,Nutraceuticals","Ultrasound-assisted extraction (UAE) of bioactive compounds from coffee silverskin: Impact on phenolic content, antioxidant activity, and morphological characteristics","2019","Pulp","Bioactive compounds"
"84","Wen2019","10.1111/jfpe.13191","Bioactive compounds,NA CP,Nutraceuticals","Ultrasound-assisted extraction (UAE) of bioactive compounds from coffee silverskin: Impact on phenolic content, antioxidant activity, and morphological characteristics","2019","Pulp","NA CP"
"85","Wen2019","10.1111/jfpe.13191","Bioactive compounds,NA CP,Nutraceuticals","Ultrasound-assisted extraction (UAE) of bioactive compounds from coffee silverskin: Impact on phenolic content, antioxidant activity, and morphological characteristics","2019","Pulp","Nutraceuticals"
"86","Heeger2017969","10.1016/j.foodchem.2016.11.067","Antioxidant activity,Beverages,Bioactive compounds,Caffeine,Food,Food and Feed,Phenolic compounds,Polyphenols","Bioactives of coffee cherry pulp and its utilisation for production of Cascara beverage","2017","Pulp","Antioxidant activity"
"87","Heeger2017969","10.1016/j.foodchem.2016.11.067","Antioxidant activity,Beverages,Bioactive compounds,Caffeine,Food,Food and Feed,Phenolic compounds,Polyphenols","Bioactives of coffee cherry pulp and its utilisation for production of Cascara beverage","2017","Pulp","Beverages"
"88","Heeger2017969","10.1016/j.foodchem.2016.11.067","Antioxidant activity,Beverages,Bioactive compounds,Caffeine,Food,Food and Feed,Phenolic compounds,Polyphenols","Bioactives of coffee cherry pulp and its utilisation for production of Cascara beverage","2017","Pulp","Bioactive compounds"
"89","Heeger2017969","10.1016/j.foodchem.2016.11.067","Antioxidant activity,Beverages,Bioactive compounds,Caffeine,Food,Food and Feed,Phenolic compounds,Polyphenols","Bioactives of coffee cherry pulp and its utilisation for production of Cascara beverage","2017","Pulp","Caffeine"
"90","Heeger2017969","10.1016/j.foodchem.2016.11.067","Antioxidant activity,Beverages,Bioactive compounds,Caffeine,Food,Food and Feed,Phenolic compounds,Polyphenols","Bioactives of coffee cherry pulp and its utilisation for production of Cascara beverage","2017","Pulp","Food"
"91","Heeger2017969","10.1016/j.foodchem.2016.11.067","Antioxidant activity,Beverages,Bioactive compounds,Caffeine,Food,Food and Feed,Phenolic compounds,Polyphenols","Bioactives of coffee cherry pulp and its utilisation for production of Cascara beverage","2017","Pulp","Food and Feed"
"92","Heeger2017969","10.1016/j.foodchem.2016.11.067","Antioxidant activity,Beverages,Bioactive compounds,Caffeine,Food,Food and Feed,Phenolic compounds,Polyphenols","Bioactives of coffee cherry pulp and its utilisation for production of Cascara beverage","2017","Pulp","Phenolic compounds"
"93","Heeger2017969","10.1016/j.foodchem.2016.11.067","Antioxidant activity,Beverages,Bioactive compounds,Caffeine,Food,Food and Feed,Phenolic compounds,Polyphenols","Bioactives of coffee cherry pulp and its utilisation for production of Cascara beverage","2017","Pulp","Polyphenols"
"94","ISI.000444357200012","10.1016/j.foodres.2018.06.026","Antioxidant activity,Bioactive compounds,Food,Food and feed,Nutraceuticals","Valorizing coffee pulp by-products as anti-inflammatory ingredient of food supplements acting on IL-8 release","2018","Pulp","Antioxidant activity"
"95","ISI.000444357200012","10.1016/j.foodres.2018.06.026","Antioxidant activity,Bioactive compounds,Food,Food and feed,Nutraceuticals","Valorizing coffee pulp by-products as anti-inflammatory ingredient of food supplements acting on IL-8 release","2018","Pulp","Bioactive compounds"
"96","ISI.000444357200012","10.1016/j.foodres.2018.06.026","Antioxidant activity,Bioactive compounds,Food,Food and feed,Nutraceuticals","Valorizing coffee pulp by-products as anti-inflammatory ingredient of food supplements acting on IL-8 release","2018","Pulp","Food"
"97","ISI.000444357200012","10.1016/j.foodres.2018.06.026","Antioxidant activity,Bioactive compounds,Food,Food and feed,Nutraceuticals","Valorizing coffee pulp by-products as anti-inflammatory ingredient of food supplements acting on IL-8 release","2018","Pulp","Food and feed"
"98","ISI.000444357200012","10.1016/j.foodres.2018.06.026","Antioxidant activity,Bioactive compounds,Food,Food and feed,Nutraceuticals","Valorizing coffee pulp by-products as anti-inflammatory ingredient of food supplements acting on IL-8 release","2018","Pulp","Nutraceuticals"
"99","Calzada1984217","10.1016/0141-4607(84)90081-7","Biofuels,Biogas,Microbial transformation","Biogas production from coffee pulp juice: One- and two-phase systems","1984","Pulp","Biofuels"
"100","Calzada1984217","10.1016/0141-4607(84)90081-7","Biofuels,Biogas,Microbial transformation","Biogas production from coffee pulp juice: One- and two-phase systems","1984","Pulp","Biogas"
"101","Calzada1984217","10.1016/0141-4607(84)90081-7","Biofuels,Biogas,Microbial transformation","Biogas production from coffee pulp juice: One- and two-phase systems","1984","Pulp","Microbial transformation"
"102","Calzada1984103",NA,"Biofuels,Biogas,Microbial transformation,NA CP","UTILIZATION OF COFFEE WASTES THROUGH ANAEROBIC DIGESTION.","1984","Pulp","Biofuels"
"103","Calzada1984103",NA,"Biofuels,Biogas,Microbial transformation,NA CP","UTILIZATION OF COFFEE WASTES THROUGH ANAEROBIC DIGESTION.","1984","Pulp","Biogas"
"104","Calzada1984103",NA,"Biofuels,Biogas,Microbial transformation,NA CP","UTILIZATION OF COFFEE WASTES THROUGH ANAEROBIC DIGESTION.","1984","Pulp","Microbial transformation"
"105","Calzada1984103",NA,"Biofuels,Biogas,Microbial transformation,NA CP","UTILIZATION OF COFFEE WASTES THROUGH ANAEROBIC DIGESTION.","1984","Pulp","NA CP"
"106","KieuTran2020","10.1016/j.heliyon.2020.e04498","Antioxidant activity,Bioactive compounds,Caffeine,Phenolic compounds","Effects of drying on physical properties, phenolic compounds and antioxidant capacity of Robusta wet coffee pulp (Coffea canephora)","2020","Pulp","Antioxidant activity"
"107","KieuTran2020","10.1016/j.heliyon.2020.e04498","Antioxidant activity,Bioactive compounds,Caffeine,Phenolic compounds","Effects of drying on physical properties, phenolic compounds and antioxidant capacity of Robusta wet coffee pulp (Coffea canephora)","2020","Pulp","Bioactive compounds"
"108","KieuTran2020","10.1016/j.heliyon.2020.e04498","Antioxidant activity,Bioactive compounds,Caffeine,Phenolic compounds","Effects of drying on physical properties, phenolic compounds and antioxidant capacity of Robusta wet coffee pulp (Coffea canephora)","2020","Pulp","Caffeine"
"109","KieuTran2020","10.1016/j.heliyon.2020.e04498","Antioxidant activity,Bioactive compounds,Caffeine,Phenolic compounds","Effects of drying on physical properties, phenolic compounds and antioxidant capacity of Robusta wet coffee pulp (Coffea canephora)","2020","Pulp","Phenolic compounds"
"110","ISI.000338711100019","10.1016/j.biortech.2014.05.031","Bioethanol,Biofuels,Microbial transformation","Utilization of coffee by-products obtained from semi-washed process for production of value-added compounds","2014","Pulp","Bioethanol"
"111","ISI.000338711100019","10.1016/j.biortech.2014.05.031","Bioethanol,Biofuels,Microbial transformation","Utilization of coffee by-products obtained from semi-washed process for production of value-added compounds","2014","Pulp","Biofuels"
"112","ISI.000338711100019","10.1016/j.biortech.2014.05.031","Bioethanol,Biofuels,Microbial transformation","Utilization of coffee by-products obtained from semi-washed process for production of value-added compounds","2014","Pulp","Microbial transformation"
"113","ISI.000429086400001","10.1155/2018/2961767","Enzymes,Microbial transformation","Screening and Molecular Identification of Pectinase Producing Microbes from Coffee Pulp","2018","Pulp","Enzymes"
"114","ISI.000429086400001","10.1155/2018/2961767","Enzymes,Microbial transformation","Screening and Molecular Identification of Pectinase Producing Microbes from Coffee Pulp","2018","Pulp","Microbial transformation"
"115","ISI.000461639100019","10.1016/j.biombioe.2019.01.025","Bioadsorbents,Biochar,Gasification,Syngas","A chemical equilibrium model for biomass gasification. Application to Costa Rican coffee pulp transformation unit","2019","Pulp","Bioadsorbents"
"116","ISI.000461639100019","10.1016/j.biombioe.2019.01.025","Bioadsorbents,Biochar,Gasification,Syngas","A chemical equilibrium model for biomass gasification. Application to Costa Rican coffee pulp transformation unit","2019","Pulp","Biochar"
"117","ISI.000461639100019","10.1016/j.biombioe.2019.01.025","Bioadsorbents,Biochar,Gasification,Syngas","A chemical equilibrium model for biomass gasification. Application to Costa Rican coffee pulp transformation unit","2019","Pulp","Gasification"
"118","ISI.000461639100019","10.1016/j.biombioe.2019.01.025","Bioadsorbents,Biochar,Gasification,Syngas","A chemical equilibrium model for biomass gasification. Application to Costa Rican coffee pulp transformation unit","2019","Pulp","Syngas"
"119","Navia2011287",NA,"Beverages,Food and feed,Microbial transformation","Production and evaluation of ethanol from coffee processing by-products [Obtenci{\'{o}}n y evaluaci{\'{o}}n de etanol a partir de los subproductos del beneficio de caf{\'{e","2011","Pulp","Beverages"
"120","Navia2011287",NA,"Beverages,Food and feed,Microbial transformation","Production and evaluation of ethanol from coffee processing by-products [Obtenci{\'{o}}n y evaluaci{\'{o}}n de etanol a partir de los subproductos del beneficio de caf{\'{e","2011","Pulp","Food and feed"
"121","Navia2011287",NA,"Beverages,Food and feed,Microbial transformation","Production and evaluation of ethanol from coffee processing by-products [Obtenci{\'{o}}n y evaluaci{\'{o}}n de etanol a partir de los subproductos del beneficio de caf{\'{e","2011","Pulp","Microbial transformation"
"122","ISI.000464849500019","10.1007/s10570-019-02344-w","Biomaterials,Biopolymers,Materials","Bio-sourced porous cellulose microfibrils from coffee pulp for wastewater treatment","2019","Pulp","Biomaterials"
"123","ISI.000464849500019","10.1007/s10570-019-02344-w","Biomaterials,Biopolymers,Materials","Bio-sourced porous cellulose microfibrils from coffee pulp for wastewater treatment","2019","Pulp","Biopolymers"
"124","ISI.000464849500019","10.1007/s10570-019-02344-w","Biomaterials,Biopolymers,Materials","Bio-sourced porous cellulose microfibrils from coffee pulp for wastewater treatment","2019","Pulp","Materials"
"125","Rolz1980207","10.1016/0141-4607(80)90017-7","Bioactive compounds,Composting,Ensiling,Environmental applications,Microbial transformation","Pressing of coffee pulp","1980","Pulp","Bioactive compounds"
"126","Rolz1980207","10.1016/0141-4607(80)90017-7","Bioactive compounds,Composting,Ensiling,Environmental applications,Microbial transformation","Pressing of coffee pulp","1980","Pulp","Composting"
"127","Rolz1980207","10.1016/0141-4607(80)90017-7","Bioactive compounds,Composting,Ensiling,Environmental applications,Microbial transformation","Pressing of coffee pulp","1980","Pulp","Ensiling"
"128","Rolz1980207","10.1016/0141-4607(80)90017-7","Bioactive compounds,Composting,Ensiling,Environmental applications,Microbial transformation","Pressing of coffee pulp","1980","Pulp","Environmental applications"
"129","Rolz1980207","10.1016/0141-4607(80)90017-7","Bioactive compounds,Composting,Ensiling,Environmental applications,Microbial transformation","Pressing of coffee pulp","1980","Pulp","Microbial transformation"
"130","Kusumocahyo2020","10.1088/1755-1315/443/1/012052","Antioxidant activity,Beverages,Bioactive compounds,Food,Phenolic compounds","Optimization of the extraction process of coffee pulp as a source of antioxidant","2020","Pulp","Antioxidant activity"
"131","Kusumocahyo2020","10.1088/1755-1315/443/1/012052","Antioxidant activity,Beverages,Bioactive compounds,Food,Phenolic compounds","Optimization of the extraction process of coffee pulp as a source of antioxidant","2020","Pulp","Beverages"
"132","Kusumocahyo2020","10.1088/1755-1315/443/1/012052","Antioxidant activity,Beverages,Bioactive compounds,Food,Phenolic compounds","Optimization of the extraction process of coffee pulp as a source of antioxidant","2020","Pulp","Bioactive compounds"
"133","Kusumocahyo2020","10.1088/1755-1315/443/1/012052","Antioxidant activity,Beverages,Bioactive compounds,Food,Phenolic compounds","Optimization of the extraction process of coffee pulp as a source of antioxidant","2020","Pulp","Food"
"134","Kusumocahyo2020","10.1088/1755-1315/443/1/012052","Antioxidant activity,Beverages,Bioactive compounds,Food,Phenolic compounds","Optimization of the extraction process of coffee pulp as a source of antioxidant","2020","Pulp","Phenolic compounds"
"135","ISI.000279713700005","10.1007/s11250-009-9491-8","Bioactive compounds,Feed","Feed intake, digestibility, nitrogen utilization, and body weight change of sheep consuming wheat straw supplemented with local agricultural and agro-industrial by-products","2010","Pulp","Bioactive compounds"
"136","ISI.000279713700005","10.1007/s11250-009-9491-8","Bioactive compounds,Feed","Feed intake, digestibility, nitrogen utilization, and body weight change of sheep consuming wheat straw supplemented with local agricultural and agro-industrial by-products","2010","Pulp","Feed"
"137","Prez.Morales2011352",NA,"Bioactive compounds,Enzymes,Microbial transformation,Polyphenols","Feruloyl esterase activity from coffee pulp in solid-state fermentation","2011","Pulp","Bioactive compounds"
"138","Prez.Morales2011352",NA,"Bioactive compounds,Enzymes,Microbial transformation,Polyphenols","Feruloyl esterase activity from coffee pulp in solid-state fermentation","2011","Pulp","Enzymes"
"139","Prez.Morales2011352",NA,"Bioactive compounds,Enzymes,Microbial transformation,Polyphenols","Feruloyl esterase activity from coffee pulp in solid-state fermentation","2011","Pulp","Microbial transformation"
"140","Prez.Morales2011352",NA,"Bioactive compounds,Enzymes,Microbial transformation,Polyphenols","Feruloyl esterase activity from coffee pulp in solid-state fermentation","2011","Pulp","Polyphenols"
"141","Ortiz2017",NA,"Bioactive compounds,Feed","Performance of Zebu steers supplemented with arboreal and agro-industrial by-products [Desempe{\~{n}}o productivo de novillos ceb{\'{u}} suplementados con Gliricidia sepium y recursos agroindustriales]","2017","Pulp","Bioactive compounds"
"142","Ortiz2017",NA,"Bioactive compounds,Feed","Performance of Zebu steers supplemented with arboreal and agro-industrial by-products [Desempe{\~{n}}o productivo de novillos ceb{\'{u}} suplementados con Gliricidia sepium y recursos agroindustriales]","2017","Pulp","Feed"
"143","Wen2019","10.1111/jfpe.13191","Bioactive compounds,NA CP,Nutraceuticals","Ultrasound-assisted extraction (UAE) of bioactive compounds from coffee silverskin: Impact on phenolic content, antioxidant activity, and morphological characteristics","2019","Silverskin","Bioactive compounds"
"144","Wen2019","10.1111/jfpe.13191","Bioactive compounds,NA CP,Nutraceuticals","Ultrasound-assisted extraction (UAE) of bioactive compounds from coffee silverskin: Impact on phenolic content, antioxidant activity, and morphological characteristics","2019","Silverskin","NA CP"
"145","Wen2019","10.1111/jfpe.13191","Bioactive compounds,NA CP,Nutraceuticals","Ultrasound-assisted extraction (UAE) of bioactive compounds from coffee silverskin: Impact on phenolic content, antioxidant activity, and morphological characteristics","2019","Silverskin","Nutraceuticals"
"146","ISI.000562360800002","10.1007/s13197-020-04738-2","Bioactive compounds,Food,Polyphenols","Ultrasound processing of coffee silver skin, brewer's spent grain and potato peel wastes for phenolic compounds and amino acids: a comparative study","2020","Silverskin","Bioactive compounds"
"147","ISI.000562360800002","10.1007/s13197-020-04738-2","Bioactive compounds,Food,Polyphenols","Ultrasound processing of coffee silver skin, brewer's spent grain and potato peel wastes for phenolic compounds and amino acids: a comparative study","2020","Silverskin","Food"
"148","ISI.000562360800002","10.1007/s13197-020-04738-2","Bioactive compounds,Food,Polyphenols","Ultrasound processing of coffee silver skin, brewer's spent grain and potato peel wastes for phenolic compounds and amino acids: a comparative study","2020","Silverskin","Polyphenols"
"149","ISI.000330155700035","10.1016/j.foodchem.2013.10.100","Antioxidant activity,Beverages,Bioactive compounds,Caffeine,Food,Food and feed,Nutraceuticals","A novel antioxidant beverage for body weight control based on coffee silverskin","2014","Silverskin","Antioxidant activity"
"150","ISI.000330155700035","10.1016/j.foodchem.2013.10.100","Antioxidant activity,Beverages,Bioactive compounds,Caffeine,Food,Food and feed,Nutraceuticals","A novel antioxidant beverage for body weight control based on coffee silverskin","2014","Silverskin","Beverages"
"151","ISI.000330155700035","10.1016/j.foodchem.2013.10.100","Antioxidant activity,Beverages,Bioactive compounds,Caffeine,Food,Food and feed,Nutraceuticals","A novel antioxidant beverage for body weight control based on coffee silverskin","2014","Silverskin","Bioactive compounds"
"152","ISI.000330155700035","10.1016/j.foodchem.2013.10.100","Antioxidant activity,Beverages,Bioactive compounds,Caffeine,Food,Food and feed,Nutraceuticals","A novel antioxidant beverage for body weight control based on coffee silverskin","2014","Silverskin","Caffeine"
"153","ISI.000330155700035","10.1016/j.foodchem.2013.10.100","Antioxidant activity,Beverages,Bioactive compounds,Caffeine,Food,Food and feed,Nutraceuticals","A novel antioxidant beverage for body weight control based on coffee silverskin","2014","Silverskin","Food"
"154","ISI.000330155700035","10.1016/j.foodchem.2013.10.100","Antioxidant activity,Beverages,Bioactive compounds,Caffeine,Food,Food and feed,Nutraceuticals","A novel antioxidant beverage for body weight control based on coffee silverskin","2014","Silverskin","Food and feed"
"155","ISI.000330155700035","10.1016/j.foodchem.2013.10.100","Antioxidant activity,Beverages,Bioactive compounds,Caffeine,Food,Food and feed,Nutraceuticals","A novel antioxidant beverage for body weight control based on coffee silverskin","2014","Silverskin","Nutraceuticals"
"156","ISI.000504754700004",NA,"Antioxidant activity,Bioactive compounds,Cosmetics","Utilization of Coffee Silverskin By-Product from Coffee Roasting Industry through Extraction Process for the Development of Antioxidant Skin Gel","2019","Silverskin","Antioxidant activity"
"157","ISI.000504754700004",NA,"Antioxidant activity,Bioactive compounds,Cosmetics","Utilization of Coffee Silverskin By-Product from Coffee Roasting Industry through Extraction Process for the Development of Antioxidant Skin Gel","2019","Silverskin","Bioactive compounds"
"158","ISI.000504754700004",NA,"Antioxidant activity,Bioactive compounds,Cosmetics","Utilization of Coffee Silverskin By-Product from Coffee Roasting Industry through Extraction Process for the Development of Antioxidant Skin Gel","2019","Silverskin","Cosmetics"
"159","ISI.000445164200102","10.1016/j.scitotenv.2018.07.201","Beverages,Bioactive compounds,Cosmetics,Food,Nutraceuticals","Coffea canephora silverskin from different geographical origins: A comparative study","2018","Silverskin","Beverages"
"160","ISI.000445164200102","10.1016/j.scitotenv.2018.07.201","Beverages,Bioactive compounds,Cosmetics,Food,Nutraceuticals","Coffea canephora silverskin from different geographical origins: A comparative study","2018","Silverskin","Bioactive compounds"
"161","ISI.000445164200102","10.1016/j.scitotenv.2018.07.201","Beverages,Bioactive compounds,Cosmetics,Food,Nutraceuticals","Coffea canephora silverskin from different geographical origins: A comparative study","2018","Silverskin","Cosmetics"
"162","ISI.000445164200102","10.1016/j.scitotenv.2018.07.201","Beverages,Bioactive compounds,Cosmetics,Food,Nutraceuticals","Coffea canephora silverskin from different geographical origins: A comparative study","2018","Silverskin","Food"
"163","ISI.000445164200102","10.1016/j.scitotenv.2018.07.201","Beverages,Bioactive compounds,Cosmetics,Food,Nutraceuticals","Coffea canephora silverskin from different geographical origins: A comparative study","2018","Silverskin","Nutraceuticals"
"164","ISI.000460513600004","10.2478/helm-2018-0038","Biopesticides,Environmental applications","Effect of coffee silver skin and brewers' spent grain in the control of root-knot nematodes","2019","Silverskin","Biopesticides"
"165","ISI.000460513600004","10.2478/helm-2018-0038","Biopesticides,Environmental applications","Effect of coffee silver skin and brewers' spent grain in the control of root-knot nematodes","2019","Silverskin","Environmental applications"
"166","ISI.000483025200005","10.31883/pjfns-2019-0012","Bioactive compounds,Food,Food and feed","Nutritional Quality, Potential Health Promoting Properties and Sensory Perception of an Improved Gluten-Free Bread Formulation Containing Inulin, Rice Protein and Bioactive Compounds Extracted from Coffee Byproducts","2019","Silverskin","Bioactive compounds"
"167","ISI.000483025200005","10.31883/pjfns-2019-0012","Bioactive compounds,Food,Food and feed","Nutritional Quality, Potential Health Promoting Properties and Sensory Perception of an Improved Gluten-Free Bread Formulation Containing Inulin, Rice Protein and Bioactive Compounds Extracted from Coffee Byproducts","2019","Silverskin","Food"
"168","ISI.000483025200005","10.31883/pjfns-2019-0012","Bioactive compounds,Food,Food and feed","Nutritional Quality, Potential Health Promoting Properties and Sensory Perception of an Improved Gluten-Free Bread Formulation Containing Inulin, Rice Protein and Bioactive Compounds Extracted from Coffee Byproducts","2019","Silverskin","Food and feed"
"169","ISI.000536130000011","10.1016/j.foodres.2020.109128","Bioactive compounds,Caffeine,Nutraceuticals,Polyphenols","Coffee silverskin extracts: Quantification of 30 bioactive compounds by a new HPLC-MS/MS method and evaluation of their antioxidant and antibacterial activities","2020","Silverskin","Bioactive compounds"
"170","ISI.000536130000011","10.1016/j.foodres.2020.109128","Bioactive compounds,Caffeine,Nutraceuticals,Polyphenols","Coffee silverskin extracts: Quantification of 30 bioactive compounds by a new HPLC-MS/MS method and evaluation of their antioxidant and antibacterial activities","2020","Silverskin","Caffeine"
"171","ISI.000536130000011","10.1016/j.foodres.2020.109128","Bioactive compounds,Caffeine,Nutraceuticals,Polyphenols","Coffee silverskin extracts: Quantification of 30 bioactive compounds by a new HPLC-MS/MS method and evaluation of their antioxidant and antibacterial activities","2020","Silverskin","Nutraceuticals"
"172","ISI.000536130000011","10.1016/j.foodres.2020.109128","Bioactive compounds,Caffeine,Nutraceuticals,Polyphenols","Coffee silverskin extracts: Quantification of 30 bioactive compounds by a new HPLC-MS/MS method and evaluation of their antioxidant and antibacterial activities","2020","Silverskin","Polyphenols"
"173","Procentese2018139","10.3303/CET1864024","Butanol,Coffee Silverskin,Microbial transformation","Coffee silverskin as a renewable resource to produce butanol and isopropanol","2018","Silverskin","Butanol"
"174","Procentese2018139","10.3303/CET1864024","Butanol,Coffee Silverskin,Microbial transformation","Coffee silverskin as a renewable resource to produce butanol and isopropanol","2018","Silverskin","Coffee Silverskin"
"175","Procentese2018139","10.3303/CET1864024","Butanol,Coffee Silverskin,Microbial transformation","Coffee silverskin as a renewable resource to produce butanol and isopropanol","2018","Silverskin","Microbial transformation"
"176","ISI.000346539600060","10.3303/CET1438059","Bioadsorbents,Environmental applications","Magnetically Modified Agro-Industrial Wastes as Efficient and Easily Recoverable Adsorbents for Water Treatment","2014","Silverskin","Bioadsorbents"
"177","ISI.000346539600060","10.3303/CET1438059","Bioadsorbents,Environmental applications","Magnetically Modified Agro-Industrial Wastes as Efficient and Easily Recoverable Adsorbents for Water Treatment","2014","Silverskin","Environmental applications"
"178","ISI.000378761600005","10.9755/ejfa.2015-09-750","Beverages,Bioactive compounds,Food,Food and feed","Linear programming formulation of a dairy drink made of cocoa, coffee and orange by-products","2016","Silverskin","Beverages"
"179","ISI.000378761600005","10.9755/ejfa.2015-09-750","Beverages,Bioactive compounds,Food,Food and feed","Linear programming formulation of a dairy drink made of cocoa, coffee and orange by-products","2016","Silverskin","Bioactive compounds"
"180","ISI.000378761600005","10.9755/ejfa.2015-09-750","Beverages,Bioactive compounds,Food,Food and feed","Linear programming formulation of a dairy drink made of cocoa, coffee and orange by-products","2016","Silverskin","Food"
"181","ISI.000378761600005","10.9755/ejfa.2015-09-750","Beverages,Bioactive compounds,Food,Food and feed","Linear programming formulation of a dairy drink made of cocoa, coffee and orange by-products","2016","Silverskin","Food and feed"
"182","DelPozo20191292",NA,"Bio-oil,Bioadsorbents,Biochar,Pyrolysis,Syngas","Converting coffee silverskin to value-added products under a biorefinery approach","2019","Silverskin","Bio-oil"
"183","DelPozo20191292",NA,"Bio-oil,Bioadsorbents,Biochar,Pyrolysis,Syngas","Converting coffee silverskin to value-added products under a biorefinery approach","2019","Silverskin","Bioadsorbents"
"184","DelPozo20191292",NA,"Bio-oil,Bioadsorbents,Biochar,Pyrolysis,Syngas","Converting coffee silverskin to value-added products under a biorefinery approach","2019","Silverskin","Biochar"
"185","DelPozo20191292",NA,"Bio-oil,Bioadsorbents,Biochar,Pyrolysis,Syngas","Converting coffee silverskin to value-added products under a biorefinery approach","2019","Silverskin","Pyrolysis"
"186","DelPozo20191292",NA,"Bio-oil,Bioadsorbents,Biochar,Pyrolysis,Syngas","Converting coffee silverskin to value-added products under a biorefinery approach","2019","Silverskin","Syngas"
"187","ISI.000348831200011","10.3109/13880209.2014.922589","Antimicrobial,Antioxidant activity,Bioactive compounds,Cosmetics","Coffee silverskin: A possible valuable cosmetic ingredient","2015","Silverskin","Antimicrobial"
"188","ISI.000348831200011","10.3109/13880209.2014.922589","Antimicrobial,Antioxidant activity,Bioactive compounds,Cosmetics","Coffee silverskin: A possible valuable cosmetic ingredient","2015","Silverskin","Antioxidant activity"
"189","ISI.000348831200011","10.3109/13880209.2014.922589","Antimicrobial,Antioxidant activity,Bioactive compounds,Cosmetics","Coffee silverskin: A possible valuable cosmetic ingredient","2015","Silverskin","Bioactive compounds"
"190","ISI.000348831200011","10.3109/13880209.2014.922589","Antimicrobial,Antioxidant activity,Bioactive compounds,Cosmetics","Coffee silverskin: A possible valuable cosmetic ingredient","2015","Silverskin","Cosmetics"
"191","ISI.000367853800010","10.3109/03639045.2015.1035279","Antioxidant activity,Bioactive compounds,Cosmetics","Application of Coffee Silverskin in cosmetic formulations: physical/antioxidant stability studies and cytotoxicity effects","2016","Silverskin","Antioxidant activity"
"192","ISI.000367853800010","10.3109/03639045.2015.1035279","Antioxidant activity,Bioactive compounds,Cosmetics","Application of Coffee Silverskin in cosmetic formulations: physical/antioxidant stability studies and cytotoxicity effects","2016","Silverskin","Bioactive compounds"
"193","ISI.000367853800010","10.3109/03639045.2015.1035279","Antioxidant activity,Bioactive compounds,Cosmetics","Application of Coffee Silverskin in cosmetic formulations: physical/antioxidant stability studies and cytotoxicity effects","2016","Silverskin","Cosmetics"
"194","ISI.000424177100007","10.1016/j.jaap.2017.12.005","Bio-oil,Bioadsorbents,Biochar,Environmental applications,Pyrolysis,Syngas","Valorization of coffee silverskin industrial waste by pyrolysis: From optimization of bio-oil production to chemical characterization by GC x GC/qMS","2018","Silverskin","Bio-oil"
"195","ISI.000424177100007","10.1016/j.jaap.2017.12.005","Bio-oil,Bioadsorbents,Biochar,Environmental applications,Pyrolysis,Syngas","Valorization of coffee silverskin industrial waste by pyrolysis: From optimization of bio-oil production to chemical characterization by GC x GC/qMS","2018","Silverskin","Bioadsorbents"
"196","ISI.000424177100007","10.1016/j.jaap.2017.12.005","Bio-oil,Bioadsorbents,Biochar,Environmental applications,Pyrolysis,Syngas","Valorization of coffee silverskin industrial waste by pyrolysis: From optimization of bio-oil production to chemical characterization by GC x GC/qMS","2018","Silverskin","Biochar"
"197","ISI.000424177100007","10.1016/j.jaap.2017.12.005","Bio-oil,Bioadsorbents,Biochar,Environmental applications,Pyrolysis,Syngas","Valorization of coffee silverskin industrial waste by pyrolysis: From optimization of bio-oil production to chemical characterization by GC x GC/qMS","2018","Silverskin","Environmental applications"
"198","ISI.000424177100007","10.1016/j.jaap.2017.12.005","Bio-oil,Bioadsorbents,Biochar,Environmental applications,Pyrolysis,Syngas","Valorization of coffee silverskin industrial waste by pyrolysis: From optimization of bio-oil production to chemical characterization by GC x GC/qMS","2018","Silverskin","Pyrolysis"
"199","ISI.000424177100007","10.1016/j.jaap.2017.12.005","Bio-oil,Bioadsorbents,Biochar,Environmental applications,Pyrolysis,Syngas","Valorization of coffee silverskin industrial waste by pyrolysis: From optimization of bio-oil production to chemical characterization by GC x GC/qMS","2018","Silverskin","Syngas"
"200","Martinez.Saez2018307","10.1016/B978-0-08-100596-5.22136-7","Bakery products,Beverages,Bioactive compounds,Food","Development of sustainable novel foods and beverages based on coffee by-products for chronic diseases","2018","Silverskin","Bakery products"
"201","Martinez.Saez2018307","10.1016/B978-0-08-100596-5.22136-7","Bakery products,Beverages,Bioactive compounds,Food","Development of sustainable novel foods and beverages based on coffee by-products for chronic diseases","2018","Silverskin","Beverages"
"202","Martinez.Saez2018307","10.1016/B978-0-08-100596-5.22136-7","Bakery products,Beverages,Bioactive compounds,Food","Development of sustainable novel foods and beverages based on coffee by-products for chronic diseases","2018","Silverskin","Bioactive compounds"
"203","Martinez.Saez2018307","10.1016/B978-0-08-100596-5.22136-7","Bakery products,Beverages,Bioactive compounds,Food","Development of sustainable novel foods and beverages based on coffee by-products for chronic diseases","2018","Silverskin","Food"
"204","ISI.000338389500005","10.1016/j.foodres.2014.05.003","Beverages,Bioactive compounds,Food","Chemical characterization and antioxidant properties of a new coffee blend with cocoa, coffee silverskin and green coffee minimally processed","2014","Silverskin","Beverages"
"205","ISI.000338389500005","10.1016/j.foodres.2014.05.003","Beverages,Bioactive compounds,Food","Chemical characterization and antioxidant properties of a new coffee blend with cocoa, coffee silverskin and green coffee minimally processed","2014","Silverskin","Bioactive compounds"
"206","ISI.000338389500005","10.1016/j.foodres.2014.05.003","Beverages,Bioactive compounds,Food","Chemical characterization and antioxidant properties of a new coffee blend with cocoa, coffee silverskin and green coffee minimally processed","2014","Silverskin","Food"
"207","ISI.000567295800001","10.3390/foods9081008","Bioactive compounds,Food,Food and feed","Evaluation of the Use of a Coffee Industry By-Product in a Cereal-Based Extruded Food Product","2020","Silverskin","Bioactive compounds"
"208","ISI.000567295800001","10.3390/foods9081008","Bioactive compounds,Food,Food and feed","Evaluation of the Use of a Coffee Industry By-Product in a Cereal-Based Extruded Food Product","2020","Silverskin","Food"
"209","ISI.000567295800001","10.3390/foods9081008","Bioactive compounds,Food,Food and feed","Evaluation of the Use of a Coffee Industry By-Product in a Cereal-Based Extruded Food Product","2020","Silverskin","Food and feed"
"210","ISI.000373821900006","10.3109/03639045.2015.1088865","Antioxidant activity,Bioactive compounds,Cosmetics","Exploring the antioxidant potentiality of two food by-products into a topical cream: stability, in vitro and in vivo evaluation","2016","Silverskin","Antioxidant activity"
"211","ISI.000373821900006","10.3109/03639045.2015.1088865","Antioxidant activity,Bioactive compounds,Cosmetics","Exploring the antioxidant potentiality of two food by-products into a topical cream: stability, in vitro and in vivo evaluation","2016","Silverskin","Bioactive compounds"
"212","ISI.000373821900006","10.3109/03639045.2015.1088865","Antioxidant activity,Bioactive compounds,Cosmetics","Exploring the antioxidant potentiality of two food by-products into a topical cream: stability, in vitro and in vivo evaluation","2016","Silverskin","Cosmetics"
"213","ISI.000535695900128","10.3390/molecules25092132","Antioxidant activity,Bioactive compounds,Food,Food and feed,Phenolic compounds","In Vitro Bioaccessibility and Antioxidant Activity of Coffee Silverskin Polyphenolic Extract and Characterization of Bioactive Compounds Using UHPLC-Q-Orbitrap HRMS","2020","Silverskin","Antioxidant activity"
"214","ISI.000535695900128","10.3390/molecules25092132","Antioxidant activity,Bioactive compounds,Food,Food and feed,Phenolic compounds","In Vitro Bioaccessibility and Antioxidant Activity of Coffee Silverskin Polyphenolic Extract and Characterization of Bioactive Compounds Using UHPLC-Q-Orbitrap HRMS","2020","Silverskin","Bioactive compounds"
"215","ISI.000535695900128","10.3390/molecules25092132","Antioxidant activity,Bioactive compounds,Food,Food and feed,Phenolic compounds","In Vitro Bioaccessibility and Antioxidant Activity of Coffee Silverskin Polyphenolic Extract and Characterization of Bioactive Compounds Using UHPLC-Q-Orbitrap HRMS","2020","Silverskin","Food"
"216","ISI.000535695900128","10.3390/molecules25092132","Antioxidant activity,Bioactive compounds,Food,Food and feed,Phenolic compounds","In Vitro Bioaccessibility and Antioxidant Activity of Coffee Silverskin Polyphenolic Extract and Characterization of Bioactive Compounds Using UHPLC-Q-Orbitrap HRMS","2020","Silverskin","Food and feed"
"217","ISI.000535695900128","10.3390/molecules25092132","Antioxidant activity,Bioactive compounds,Food,Food and feed,Phenolic compounds","In Vitro Bioaccessibility and Antioxidant Activity of Coffee Silverskin Polyphenolic Extract and Characterization of Bioactive Compounds Using UHPLC-Q-Orbitrap HRMS","2020","Silverskin","Phenolic compounds"
"218","Hijosa.Valsero2018","10.1186/s12934-018-1002-z","Butanol,Microbial transformation","Biobutanol production from coffee silverskin","2018","Silverskin","Butanol"
"219","Hijosa.Valsero2018","10.1186/s12934-018-1002-z","Butanol,Microbial transformation","Biobutanol production from coffee silverskin","2018","Silverskin","Microbial transformation"
"220","ISI.000426727500012","10.1007/s11947-017-2045-6","Bioactive compounds,Food,Nutraceuticals,Phenolic compounds","Pulsed Electric Field Assisted Extraction of Bioactive Compounds from Cocoa Bean Shell and Coffee Silverskin","2018","Silverskin","Bioactive compounds"
"221","ISI.000426727500012","10.1007/s11947-017-2045-6","Bioactive compounds,Food,Nutraceuticals,Phenolic compounds","Pulsed Electric Field Assisted Extraction of Bioactive Compounds from Cocoa Bean Shell and Coffee Silverskin","2018","Silverskin","Food"
"222","ISI.000426727500012","10.1007/s11947-017-2045-6","Bioactive compounds,Food,Nutraceuticals,Phenolic compounds","Pulsed Electric Field Assisted Extraction of Bioactive Compounds from Cocoa Bean Shell and Coffee Silverskin","2018","Silverskin","Nutraceuticals"
"223","ISI.000426727500012","10.1007/s11947-017-2045-6","Bioactive compounds,Food,Nutraceuticals,Phenolic compounds","Pulsed Electric Field Assisted Extraction of Bioactive Compounds from Cocoa Bean Shell and Coffee Silverskin","2018","Silverskin","Phenolic compounds"
"224","ISI.000510424900013","10.1016/j.aquaculture.2019.734659","Bioactive compounds,Feed","Black Soldier Fly (Hermetia illucens) reared on roasted coffee by-product and Schizochytrium sp. as a sustainable terrestrial ingredient for aquafeeds production","2020","Silverskin","Bioactive compounds"
"225","ISI.000510424900013","10.1016/j.aquaculture.2019.734659","Bioactive compounds,Feed","Black Soldier Fly (Hermetia illucens) reared on roasted coffee by-product and Schizochytrium sp. as a sustainable terrestrial ingredient for aquafeeds production","2020","Silverskin","Feed"
"226","ISI.000338612500044","10.1016/j.indcrop.2014.01.006","Antioxidant activity,Bioactive compounds","Optimization of antioxidants extraction from coffee silverskin, a roasting by-product, having in view a sustainable process","2014","Silverskin","Antioxidant activity"
"227","ISI.000338612500044","10.1016/j.indcrop.2014.01.006","Antioxidant activity,Bioactive compounds","Optimization of antioxidants extraction from coffee silverskin, a roasting by-product, having in view a sustainable process","2014","Silverskin","Bioactive compounds"
"228","ISI.000550355400001","10.3390/molecules25132993","Bioactive compounds,Caffeine,Cosmetics,Food,Nutraceuticals,Odorants,Polyphenols","Characterization of Odor-Active Compounds, Polyphenols, and Fatty Acids in Coffee Silverskin","2020","Silverskin","Bioactive compounds"
"229","ISI.000550355400001","10.3390/molecules25132993","Bioactive compounds,Caffeine,Cosmetics,Food,Nutraceuticals,Odorants,Polyphenols","Characterization of Odor-Active Compounds, Polyphenols, and Fatty Acids in Coffee Silverskin","2020","Silverskin","Caffeine"
"230","ISI.000550355400001","10.3390/molecules25132993","Bioactive compounds,Caffeine,Cosmetics,Food,Nutraceuticals,Odorants,Polyphenols","Characterization of Odor-Active Compounds, Polyphenols, and Fatty Acids in Coffee Silverskin","2020","Silverskin","Cosmetics"
"231","ISI.000550355400001","10.3390/molecules25132993","Bioactive compounds,Caffeine,Cosmetics,Food,Nutraceuticals,Odorants,Polyphenols","Characterization of Odor-Active Compounds, Polyphenols, and Fatty Acids in Coffee Silverskin","2020","Silverskin","Food"
"232","ISI.000550355400001","10.3390/molecules25132993","Bioactive compounds,Caffeine,Cosmetics,Food,Nutraceuticals,Odorants,Polyphenols","Characterization of Odor-Active Compounds, Polyphenols, and Fatty Acids in Coffee Silverskin","2020","Silverskin","Nutraceuticals"
"233","ISI.000550355400001","10.3390/molecules25132993","Bioactive compounds,Caffeine,Cosmetics,Food,Nutraceuticals,Odorants,Polyphenols","Characterization of Odor-Active Compounds, Polyphenols, and Fatty Acids in Coffee Silverskin","2020","Silverskin","Odorants"
"234","ISI.000550355400001","10.3390/molecules25132993","Bioactive compounds,Caffeine,Cosmetics,Food,Nutraceuticals,Odorants,Polyphenols","Characterization of Odor-Active Compounds, Polyphenols, and Fatty Acids in Coffee Silverskin","2020","Silverskin","Polyphenols"
"235","Wen2019","10.1111/jfpe.13191","Bioactive compounds,NA CP,Nutraceuticals","Ultrasound-assisted extraction (UAE) of bioactive compounds from coffee silverskin: Impact on phenolic content, antioxidant activity, and morphological characteristics","2019","Spent_coffee grounds","Bioactive compounds"
"236","Wen2019","10.1111/jfpe.13191","Bioactive compounds,NA CP,Nutraceuticals","Ultrasound-assisted extraction (UAE) of bioactive compounds from coffee silverskin: Impact on phenolic content, antioxidant activity, and morphological characteristics","2019","Spent_coffee grounds","NA CP"
"237","Wen2019","10.1111/jfpe.13191","Bioactive compounds,NA CP,Nutraceuticals","Ultrasound-assisted extraction (UAE) of bioactive compounds from coffee silverskin: Impact on phenolic content, antioxidant activity, and morphological characteristics","2019","Spent_coffee grounds","Nutraceuticals"
"238","ISI.000346539600060","10.3303/CET1438059","Bioadsorbents,Environmental applications","Magnetically Modified Agro-Industrial Wastes as Efficient and Easily Recoverable Adsorbents for Water Treatment","2014","Spent_coffee grounds","Bioadsorbents"
"239","ISI.000346539600060","10.3303/CET1438059","Bioadsorbents,Environmental applications","Magnetically Modified Agro-Industrial Wastes as Efficient and Easily Recoverable Adsorbents for Water Treatment","2014","Spent_coffee grounds","Environmental applications"
"240","Martinez.Saez2018307","10.1016/B978-0-08-100596-5.22136-7","Bakery products,Beverages,Bioactive compounds,Food","Development of sustainable novel foods and beverages based on coffee by-products for chronic diseases","2018","Spent_coffee grounds","Bakery products"
"241","Martinez.Saez2018307","10.1016/B978-0-08-100596-5.22136-7","Bakery products,Beverages,Bioactive compounds,Food","Development of sustainable novel foods and beverages based on coffee by-products for chronic diseases","2018","Spent_coffee grounds","Beverages"
"242","Martinez.Saez2018307","10.1016/B978-0-08-100596-5.22136-7","Bakery products,Beverages,Bioactive compounds,Food","Development of sustainable novel foods and beverages based on coffee by-products for chronic diseases","2018","Spent_coffee grounds","Bioactive compounds"
"243","Martinez.Saez2018307","10.1016/B978-0-08-100596-5.22136-7","Bakery products,Beverages,Bioactive compounds,Food","Development of sustainable novel foods and beverages based on coffee by-products for chronic diseases","2018","Spent_coffee grounds","Food"
"244","ISI.000542094700001","10.1007/s42729-020-00271-5","Environmental applications,Fertilizers","Utilization of Spent Coffee Grounds as Media for Stone Pine (Pinus pinea) Seedlings","2020","Spent_coffee grounds","Environmental applications"
"245","ISI.000542094700001","10.1007/s42729-020-00271-5","Environmental applications,Fertilizers","Utilization of Spent Coffee Grounds as Media for Stone Pine (Pinus pinea) Seedlings","2020","Spent_coffee grounds","Fertilizers"
"246","ISI.000552303200038","10.1007/s12649-019-00793-9","Bioactive compounds","Sustainable Management and Valorization of Spent Coffee Grounds Through the Optimization of Thin Layer Hot Air-Drying Process","2020","Spent_coffee grounds","Bioactive compounds"
"247","ISI.000502798800122","10.3390/ma12213581","Construction materials,Materials","Spent Coffee Grounds in the Production of Lightweight Clay Ceramic Aggregates in View of Urban and Agricultural Sustainable Development","2019","Spent_coffee grounds","Construction materials"
"248","ISI.000502798800122","10.3390/ma12213581","Construction materials,Materials","Spent Coffee Grounds in the Production of Lightweight Clay Ceramic Aggregates in View of Urban and Agricultural Sustainable Development","2019","Spent_coffee grounds","Materials"
"249","Haile201465","10.18331/BRJ2015.1.2.6","Biodiesel,Biofuels,Fuel pellet,Solid fuels","Integrated volarization of spent coffee grounds to biofuels","2014","Spent_coffee grounds","Biodiesel"
"250","Haile201465","10.18331/BRJ2015.1.2.6","Biodiesel,Biofuels,Fuel pellet,Solid fuels","Integrated volarization of spent coffee grounds to biofuels","2014","Spent_coffee grounds","Biofuels"
"251","Haile201465","10.18331/BRJ2015.1.2.6","Biodiesel,Biofuels,Fuel pellet,Solid fuels","Integrated volarization of spent coffee grounds to biofuels","2014","Spent_coffee grounds","Fuel pellet"
"252","Haile201465","10.18331/BRJ2015.1.2.6","Biodiesel,Biofuels,Fuel pellet,Solid fuels","Integrated volarization of spent coffee grounds to biofuels","2014","Spent_coffee grounds","Solid fuels"
"253","Nenni2020966",NA,"Biodiesel,Bioethanol,Microbial transformation","Comparative life cycle environmental analysis of various end-of-life strategies for spent coffee grounds","2020","Spent_coffee grounds","Biodiesel"
"254","Nenni2020966",NA,"Biodiesel,Bioethanol,Microbial transformation","Comparative life cycle environmental analysis of various end-of-life strategies for spent coffee grounds","2020","Spent_coffee grounds","Bioethanol"
"255","Nenni2020966",NA,"Biodiesel,Bioethanol,Microbial transformation","Comparative life cycle environmental analysis of various end-of-life strategies for spent coffee grounds","2020","Spent_coffee grounds","Microbial transformation"
"256","Pscoa2013579","10.1016/j.foodres.2013.01.035","Antioxidant activity,Bioactive compounds","FT-NIR spectroscopy as a tool for valorization of spent coffee grounds: Application to assessment of antioxidant properties","2013","Spent_coffee grounds","Antioxidant activity"
"257","Pscoa2013579","10.1016/j.foodres.2013.01.035","Antioxidant activity,Bioactive compounds","FT-NIR spectroscopy as a tool for valorization of spent coffee grounds: Application to assessment of antioxidant properties","2013","Spent_coffee grounds","Bioactive compounds"
"258","ISI.000464088300022","10.1016/j.fbp.2019.01.006","Bioactive compounds","The role of heating step in microwave-assisted extraction of polyphenols from spent coffee grounds","2019","Spent_coffee grounds","Bioactive compounds"
"259","ISI.000464088300004","10.1016/j.fbp.2018.11.004","Bioactive compounds,Cosmetics","Eco-sustainable recovery of antioxidants from spent coffee grounds by microwave-assisted extraction: Process optimization, kinetic modeling and biological validation","2019","Spent_coffee grounds","Bioactive compounds"
"260","ISI.000464088300004","10.1016/j.fbp.2018.11.004","Bioactive compounds,Cosmetics","Eco-sustainable recovery of antioxidants from spent coffee grounds by microwave-assisted extraction: Process optimization, kinetic modeling and biological validation","2019","Spent_coffee grounds","Cosmetics"
"261","ISI.000536053400011","10.1016/j.foodchem.2020.126836","Bioactive compounds,Food,Nutraceuticals","Spent coffee grounds: A potential commercial source of phytosterols","2020","Spent_coffee grounds","Bioactive compounds"
"262","ISI.000536053400011","10.1016/j.foodchem.2020.126836","Bioactive compounds,Food,Nutraceuticals","Spent coffee grounds: A potential commercial source of phytosterols","2020","Spent_coffee grounds","Food"
"263","ISI.000536053400011","10.1016/j.foodchem.2020.126836","Bioactive compounds,Food,Nutraceuticals","Spent coffee grounds: A potential commercial source of phytosterols","2020","Spent_coffee grounds","Nutraceuticals"
"264","Simes201381","10.1016/j.carbpol.2013.04.067","Bioactive compounds,Dietary fiber,Food,Polysaccharides","Extractability and structure of spent coffee ground polysaccharides by roasting pre-treatments","2013","Spent_coffee grounds","Bioactive compounds"
"265","Simes201381","10.1016/j.carbpol.2013.04.067","Bioactive compounds,Dietary fiber,Food,Polysaccharides","Extractability and structure of spent coffee ground polysaccharides by roasting pre-treatments","2013","Spent_coffee grounds","Dietary fiber"
"266","Simes201381","10.1016/j.carbpol.2013.04.067","Bioactive compounds,Dietary fiber,Food,Polysaccharides","Extractability and structure of spent coffee ground polysaccharides by roasting pre-treatments","2013","Spent_coffee grounds","Food"
"267","Simes201381","10.1016/j.carbpol.2013.04.067","Bioactive compounds,Dietary fiber,Food,Polysaccharides","Extractability and structure of spent coffee ground polysaccharides by roasting pre-treatments","2013","Spent_coffee grounds","Polysaccharides"
"268","ISI.000411443200063","10.1016/j.jcou.2017.09.003","Bio-oil,Biochar,Bioenergy,Environmental applications","Co-pyrolysis of paper mill sludge and spend coffee ground using CO2 as reaction medium","2017","Spent_coffee grounds","Bio-oil"
"269","ISI.000411443200063","10.1016/j.jcou.2017.09.003","Bio-oil,Biochar,Bioenergy,Environmental applications","Co-pyrolysis of paper mill sludge and spend coffee ground using CO2 as reaction medium","2017","Spent_coffee grounds","Biochar"
"270","ISI.000411443200063","10.1016/j.jcou.2017.09.003","Bio-oil,Biochar,Bioenergy,Environmental applications","Co-pyrolysis of paper mill sludge and spend coffee ground using CO2 as reaction medium","2017","Spent_coffee grounds","Bioenergy"
"271","ISI.000411443200063","10.1016/j.jcou.2017.09.003","Bio-oil,Biochar,Bioenergy,Environmental applications","Co-pyrolysis of paper mill sludge and spend coffee ground using CO2 as reaction medium","2017","Spent_coffee grounds","Environmental applications"
"272","Burniol.Figols201654","10.1016/j.bej.2016.04.025","Bioactive compounds,Bioethanol,Biofuels,Food,Microbial transformation","Integration of chlorogenic acid recovery and bioethanol production from spent coffee grounds","2016","Spent_coffee grounds","Bioactive compounds"
"273","Burniol.Figols201654","10.1016/j.bej.2016.04.025","Bioactive compounds,Bioethanol,Biofuels,Food,Microbial transformation","Integration of chlorogenic acid recovery and bioethanol production from spent coffee grounds","2016","Spent_coffee grounds","Bioethanol"
"274","Burniol.Figols201654","10.1016/j.bej.2016.04.025","Bioactive compounds,Bioethanol,Biofuels,Food,Microbial transformation","Integration of chlorogenic acid recovery and bioethanol production from spent coffee grounds","2016","Spent_coffee grounds","Biofuels"
"275","Burniol.Figols201654","10.1016/j.bej.2016.04.025","Bioactive compounds,Bioethanol,Biofuels,Food,Microbial transformation","Integration of chlorogenic acid recovery and bioethanol production from spent coffee grounds","2016","Spent_coffee grounds","Food"
"276","Burniol.Figols201654","10.1016/j.bej.2016.04.025","Bioactive compounds,Bioethanol,Biofuels,Food,Microbial transformation","Integration of chlorogenic acid recovery and bioethanol production from spent coffee grounds","2016","Spent_coffee grounds","Microbial transformation"
"277","ISI.000543506800001","10.1111/jfpp.14648","Bioactive compounds,Edible mushrooms,Microbial transformation","Effect of Thymus vulgaris postextraction waste and spent coffee grounds on the quality of cultivated Pleurotus eryngii","2020","Spent_coffee grounds","Bioactive compounds"
"278","ISI.000543506800001","10.1111/jfpp.14648","Bioactive compounds,Edible mushrooms,Microbial transformation","Effect of Thymus vulgaris postextraction waste and spent coffee grounds on the quality of cultivated Pleurotus eryngii","2020","Spent_coffee grounds","Edible mushrooms"
"279","ISI.000543506800001","10.1111/jfpp.14648","Bioactive compounds,Edible mushrooms,Microbial transformation","Effect of Thymus vulgaris postextraction waste and spent coffee grounds on the quality of cultivated Pleurotus eryngii","2020","Spent_coffee grounds","Microbial transformation"
"280","ISI.000500051200005","10.1016/j.fbp.2019.08.017","Bioactive compounds","Application of a screening design to recover phytochemicals from spent coffee grounds","2019","Spent_coffee grounds","Bioactive compounds"
"281","ISI.000427126900007","10.1111/lam.12849","Lactic acid,Microbial transformation,Organic acids","Biotechnological conversion of spent coffee grounds into lactic acid","2018","Spent_coffee grounds","Lactic acid"
"282","ISI.000427126900007","10.1111/lam.12849","Lactic acid,Microbial transformation,Organic acids","Biotechnological conversion of spent coffee grounds into lactic acid","2018","Spent_coffee grounds","Microbial transformation"
"283","ISI.000427126900007","10.1111/lam.12849","Lactic acid,Microbial transformation,Organic acids","Biotechnological conversion of spent coffee grounds into lactic acid","2018","Spent_coffee grounds","Organic acids"
"284","ISI.000487567000067","10.1016/j.chemosphere.2019.06.195","Construction materials,Materials","Spent coffee grounds as supporting materials to produce biocomposite PCM with natural waxes","2019","Spent_coffee grounds","Construction materials"
"285","ISI.000487567000067","10.1016/j.chemosphere.2019.06.195","Construction materials,Materials","Spent coffee grounds as supporting materials to produce biocomposite PCM with natural waxes","2019","Spent_coffee grounds","Materials"
"286","ISI.000406564400047","10.1016/j.jenvman.2017.06.016","Composting,Environmental applications","The positive effect of phosphogypsum-supplemented composts on potato plant growth in the field and tuber yield","2017","Spent_coffee grounds","Composting"
"287","ISI.000406564400047","10.1016/j.jenvman.2017.06.016","Composting,Environmental applications","The positive effect of phosphogypsum-supplemented composts on potato plant growth in the field and tuber yield","2017","Spent_coffee grounds","Environmental applications"
"288","ISI.000482514100039","10.1016/j.chroma.2019.06.016","Bio-oil","Quantitative analysis of aqueous phases of bio-oils resulting from pyrolysis of different biomasses by two-dimensional comprehensive liquid chromatography","2019","Spent_coffee grounds","Bio-oil"
"289","ISI.000297444900024","10.1016/j.seppur.2011.09.036","Antioxidant activity,Bioactive compounds","Extraction of antioxidant phenolic compounds from spent coffee grounds","2011","Spent_coffee grounds","Antioxidant activity"
"290","ISI.000297444900024","10.1016/j.seppur.2011.09.036","Antioxidant activity,Bioactive compounds","Extraction of antioxidant phenolic compounds from spent coffee grounds","2011","Spent_coffee grounds","Bioactive compounds"
"291","ISI.000482245200003","10.1016/j.wasman.2019.07.009","Bioactive compounds","Extraction, identification and quantification of polyphenols from spent coffee grounds by chromatographic methods and chemometric analyses","2019","Spent_coffee grounds","Bioactive compounds"
"292","Le201737","10.3303/CET1756007","Activated Carbon,Bioactive compounds,Biodiesel,Biofuels,Environmental applications,Fuel Pellet,Solid fuels","Spent coffee grounds as a valuable source of bioactive compounds and bioenergy","2017","Spent_coffee grounds","Activated Carbon"
"293","Le201737","10.3303/CET1756007","Activated Carbon,Bioactive compounds,Biodiesel,Biofuels,Environmental applications,Fuel Pellet,Solid fuels","Spent coffee grounds as a valuable source of bioactive compounds and bioenergy","2017","Spent_coffee grounds","Bioactive compounds"
"294","Le201737","10.3303/CET1756007","Activated Carbon,Bioactive compounds,Biodiesel,Biofuels,Environmental applications,Fuel Pellet,Solid fuels","Spent coffee grounds as a valuable source of bioactive compounds and bioenergy","2017","Spent_coffee grounds","Biodiesel"
"295","Le201737","10.3303/CET1756007","Activated Carbon,Bioactive compounds,Biodiesel,Biofuels,Environmental applications,Fuel Pellet,Solid fuels","Spent coffee grounds as a valuable source of bioactive compounds and bioenergy","2017","Spent_coffee grounds","Biofuels"
"296","Le201737","10.3303/CET1756007","Activated Carbon,Bioactive compounds,Biodiesel,Biofuels,Environmental applications,Fuel Pellet,Solid fuels","Spent coffee grounds as a valuable source of bioactive compounds and bioenergy","2017","Spent_coffee grounds","Environmental applications"
"297","Le201737","10.3303/CET1756007","Activated Carbon,Bioactive compounds,Biodiesel,Biofuels,Environmental applications,Fuel Pellet,Solid fuels","Spent coffee grounds as a valuable source of bioactive compounds and bioenergy","2017","Spent_coffee grounds","Fuel Pellet"
"298","Le201737","10.3303/CET1756007","Activated Carbon,Bioactive compounds,Biodiesel,Biofuels,Environmental applications,Fuel Pellet,Solid fuels","Spent coffee grounds as a valuable source of bioactive compounds and bioenergy","2017","Spent_coffee grounds","Solid fuels"
"299","deOtlora2020","10.1016/j.anifeedsci.2020.114461","Bioactive compounds,Feed","valorisation of spent coffee grounds as functional feed ingredient improves productive performance of Latxa dairy ewes","2020","Spent_coffee grounds","Bioactive compounds"
"300","deOtlora2020","10.1016/j.anifeedsci.2020.114461","Bioactive compounds,Feed","valorisation of spent coffee grounds as functional feed ingredient improves productive performance of Latxa dairy ewes","2020","Spent_coffee grounds","Feed"
"301","Aguilar.Raymundo2019","10.1111/jfpp.14223","Bakery products,Bioactive compounds,Food","Spent coffee grounds cookies: Sensory and texture characteristics, proximate composition, antioxidant activity, and total phenolic content","2019","Spent_coffee grounds","Bakery products"
"302","Aguilar.Raymundo2019","10.1111/jfpp.14223","Bakery products,Bioactive compounds,Food","Spent coffee grounds cookies: Sensory and texture characteristics, proximate composition, antioxidant activity, and total phenolic content","2019","Spent_coffee grounds","Bioactive compounds"
"303","Aguilar.Raymundo2019","10.1111/jfpp.14223","Bakery products,Bioactive compounds,Food","Spent coffee grounds cookies: Sensory and texture characteristics, proximate composition, antioxidant activity, and total phenolic content","2019","Spent_coffee grounds","Food"
"304","Cholakov2013497",NA,"Bioadsorbents,Biodiesel,Environmental applications,NA CH","Extracts from coffee by-products as potential raw materials for fuel additives and carbon adsorbents","2013","Spent_coffee grounds","Bioadsorbents"
"305","Cholakov2013497",NA,"Bioadsorbents,Biodiesel,Environmental applications,NA CH","Extracts from coffee by-products as potential raw materials for fuel additives and carbon adsorbents","2013","Spent_coffee grounds","Biodiesel"
"306","Cholakov2013497",NA,"Bioadsorbents,Biodiesel,Environmental applications,NA CH","Extracts from coffee by-products as potential raw materials for fuel additives and carbon adsorbents","2013","Spent_coffee grounds","Environmental applications"
"307","Cholakov2013497",NA,"Bioadsorbents,Biodiesel,Environmental applications,NA CH","Extracts from coffee by-products as potential raw materials for fuel additives and carbon adsorbents","2013","Spent_coffee grounds","NA CH"
"308","ISI.000428099900076","10.1016/j.ijbiomac.2017.12.120","Antioxidant activity,Bioactive compounds,Dietary fiber,Food,Polysaccharides","Effect of pretreatments on isolation of bioactive polysaccharides from spent coffee grounds using subcritical water","2018","Spent_coffee grounds","Antioxidant activity"
"309","ISI.000428099900076","10.1016/j.ijbiomac.2017.12.120","Antioxidant activity,Bioactive compounds,Dietary fiber,Food,Polysaccharides","Effect of pretreatments on isolation of bioactive polysaccharides from spent coffee grounds using subcritical water","2018","Spent_coffee grounds","Bioactive compounds"
"310","ISI.000428099900076","10.1016/j.ijbiomac.2017.12.120","Antioxidant activity,Bioactive compounds,Dietary fiber,Food,Polysaccharides","Effect of pretreatments on isolation of bioactive polysaccharides from spent coffee grounds using subcritical water","2018","Spent_coffee grounds","Dietary fiber"
"311","ISI.000428099900076","10.1016/j.ijbiomac.2017.12.120","Antioxidant activity,Bioactive compounds,Dietary fiber,Food,Polysaccharides","Effect of pretreatments on isolation of bioactive polysaccharides from spent coffee grounds using subcritical water","2018","Spent_coffee grounds","Food"
"312","ISI.000428099900076","10.1016/j.ijbiomac.2017.12.120","Antioxidant activity,Bioactive compounds,Dietary fiber,Food,Polysaccharides","Effect of pretreatments on isolation of bioactive polysaccharides from spent coffee grounds using subcritical water","2018","Spent_coffee grounds","Polysaccharides"
"313","Martinez.Saez2017","10.1016/j.foodchem.2016.07.173","Bakery products,Bioactive compounds,Food","Use of spent coffee grounds as food ingredient in bakery products","2017","Spent_coffee grounds","Bakery products"
"314","Martinez.Saez2017","10.1016/j.foodchem.2016.07.173","Bakery products,Bioactive compounds,Food","Use of spent coffee grounds as food ingredient in bakery products","2017","Spent_coffee grounds","Bioactive compounds"
"315","Martinez.Saez2017","10.1016/j.foodchem.2016.07.173","Bakery products,Bioactive compounds,Food","Use of spent coffee grounds as food ingredient in bakery products","2017","Spent_coffee grounds","Food"
"316","ISI.000560635800004","10.1007/s12649-020-01216-w","Environmental applications,Fertilizers","Potential Use of Spent Coffee Grounds and Spent Tea Leaves Extracts in Priming Treatment to Promote In Vitro Early Growth of Salt-and Drought-Stressed Seedlings of Capsicum annuum L.","2020","Spent_coffee grounds","Environmental applications"
"317","ISI.000560635800004","10.1007/s12649-020-01216-w","Environmental applications,Fertilizers","Potential Use of Spent Coffee Grounds and Spent Tea Leaves Extracts in Priming Treatment to Promote In Vitro Early Growth of Salt-and Drought-Stressed Seedlings of Capsicum annuum L.","2020","Spent_coffee grounds","Fertilizers"
"318","ISI.000478709000002","10.1016/j.seppur.2019.115759","Antimicrobial,Antioxidant activity,Bioactive compounds","Valorization of spent coffee grounds by supramolecular solvent extraction","2019","Spent_coffee grounds","Antimicrobial"
"319","ISI.000478709000002","10.1016/j.seppur.2019.115759","Antimicrobial,Antioxidant activity,Bioactive compounds","Valorization of spent coffee grounds by supramolecular solvent extraction","2019","Spent_coffee grounds","Antioxidant activity"
"320","ISI.000478709000002","10.1016/j.seppur.2019.115759","Antimicrobial,Antioxidant activity,Bioactive compounds","Valorization of spent coffee grounds by supramolecular solvent extraction","2019","Spent_coffee grounds","Bioactive compounds"
"321","ISI.000480585200016","10.1007/s12010-019-03000-6","Lactic acid,Microbial transformation,Organic acids","Lactic Acid Production from a Whole Slurry of Acid-Pretreated Spent Coffee Grounds by Engineered Saccharomyces cerevisiae","2019","Spent_coffee grounds","Lactic acid"
"322","ISI.000480585200016","10.1007/s12010-019-03000-6","Lactic acid,Microbial transformation,Organic acids","Lactic Acid Production from a Whole Slurry of Acid-Pretreated Spent Coffee Grounds by Engineered Saccharomyces cerevisiae","2019","Spent_coffee grounds","Microbial transformation"
"323","ISI.000480585200016","10.1007/s12010-019-03000-6","Lactic acid,Microbial transformation,Organic acids","Lactic Acid Production from a Whole Slurry of Acid-Pretreated Spent Coffee Grounds by Engineered Saccharomyces cerevisiae","2019","Spent_coffee grounds","Organic acids"
"324","ISI.000344205400009","10.1016/j.cherd.2014.04.018","Fuel pellet,Solid fuels","Pyrolysis kinetics and physicochemical properties of agropellets produced from spent ground coffee blended with conventional biomass","2014","Spent_coffee grounds","Fuel pellet"
"325","ISI.000344205400009","10.1016/j.cherd.2014.04.018","Fuel pellet,Solid fuels","Pyrolysis kinetics and physicochemical properties of agropellets produced from spent ground coffee blended with conventional biomass","2014","Spent_coffee grounds","Solid fuels"
"326","ISI.000433266000019","10.1016/j.resconrec.2018.02.002","Biodiesel","Technoeconomic and environmental assessment of a process for biodiesel production from spent coffee grounds (SCGs)","2018","Spent_coffee grounds","Biodiesel"
"327","ISI.000431236100006","10.1016/B978-0-12-811290-8.00005-0","Antioxidant activity,Bioactive compounds","Emerging technologies for the recovery of valuable compounds from coffee processing by-products","2017","Spent_coffee grounds","Antioxidant activity"
"328","ISI.000431236100006","10.1016/B978-0-12-811290-8.00005-0","Antioxidant activity,Bioactive compounds","Emerging technologies for the recovery of valuable compounds from coffee processing by-products","2017","Spent_coffee grounds","Bioactive compounds"
"329","ISI.000307526500006","10.1016/j.jclepro.2011.12.003","Bioactive compounds,Bioenergy,Fuel Pellet,Heat,Solid fuels","Spent coffee grounds as a valuable source of phenolic compounds and bioenergy","2012","Spent_coffee grounds","Bioactive compounds"
"330","ISI.000307526500006","10.1016/j.jclepro.2011.12.003","Bioactive compounds,Bioenergy,Fuel Pellet,Heat,Solid fuels","Spent coffee grounds as a valuable source of phenolic compounds and bioenergy","2012","Spent_coffee grounds","Bioenergy"
"331","ISI.000307526500006","10.1016/j.jclepro.2011.12.003","Bioactive compounds,Bioenergy,Fuel Pellet,Heat,Solid fuels","Spent coffee grounds as a valuable source of phenolic compounds and bioenergy","2012","Spent_coffee grounds","Fuel Pellet"
"332","ISI.000307526500006","10.1016/j.jclepro.2011.12.003","Bioactive compounds,Bioenergy,Fuel Pellet,Heat,Solid fuels","Spent coffee grounds as a valuable source of phenolic compounds and bioenergy","2012","Spent_coffee grounds","Heat"
"333","ISI.000307526500006","10.1016/j.jclepro.2011.12.003","Bioactive compounds,Bioenergy,Fuel Pellet,Heat,Solid fuels","Spent coffee grounds as a valuable source of phenolic compounds and bioenergy","2012","Spent_coffee grounds","Solid fuels"
"334","ISI.000504165200001","10.1080/01448765.2019.1704876","Antioxidant activity,Bioactive compounds","The effect of organic farming on total phenols, total flavonoids, brown compounds and antioxidant activity of spent coffee grounds from Mexico","2020","Spent_coffee grounds","Antioxidant activity"
"335","ISI.000504165200001","10.1080/01448765.2019.1704876","Antioxidant activity,Bioactive compounds","The effect of organic farming on total phenols, total flavonoids, brown compounds and antioxidant activity of spent coffee grounds from Mexico","2020","Spent_coffee grounds","Bioactive compounds"
"336","ISI.000403120600034","10.1016/j.conbuildmat.2017.04.103","Construction materials,Materials","Strength and microstructure properties of spent coffee grounds stabilized with rice husk ash and slag geopolymers","2017","Spent_coffee grounds","Construction materials"
"337","ISI.000403120600034","10.1016/j.conbuildmat.2017.04.103","Construction materials,Materials","Strength and microstructure properties of spent coffee grounds stabilized with rice husk ash and slag geopolymers","2017","Spent_coffee grounds","Materials"
"338","ISI.000558812000076","10.1016/j.jenvman.2020.111022","Biocatalysts,Biochar,Environmental applications","Degradation of sulfamethoxazole with persulfate using spent coffee grounds biochar as activator","2020","Spent_coffee grounds","Biocatalysts"
"339","ISI.000558812000076","10.1016/j.jenvman.2020.111022","Biocatalysts,Biochar,Environmental applications","Degradation of sulfamethoxazole with persulfate using spent coffee grounds biochar as activator","2020","Spent_coffee grounds","Biochar"
"340","ISI.000558812000076","10.1016/j.jenvman.2020.111022","Biocatalysts,Biochar,Environmental applications","Degradation of sulfamethoxazole with persulfate using spent coffee grounds biochar as activator","2020","Spent_coffee grounds","Environmental applications"
"341","Song2017544","10.9721/KJFST.2017.49.5.544","Bioactive compounds,Cosmetics","Effect of gamma irradiation on the color values and physiological properties of spent coffee ground extraction","2017","Spent_coffee grounds","Bioactive compounds"
"342","Song2017544","10.9721/KJFST.2017.49.5.544","Bioactive compounds,Cosmetics","Effect of gamma irradiation on the color values and physiological properties of spent coffee ground extraction","2017","Spent_coffee grounds","Cosmetics"
"343","ISI.000473129900028","10.1007/s00253-019-09883-z","Bioactive compounds,Edible mushrooms,Food,Microbial transformation","Caffeine metabolism during cultivation of oyster mushroom (Pleurotus ostreatus) with spent coffee grounds","2019","Spent_coffee grounds","Bioactive compounds"
"344","ISI.000473129900028","10.1007/s00253-019-09883-z","Bioactive compounds,Edible mushrooms,Food,Microbial transformation","Caffeine metabolism during cultivation of oyster mushroom (Pleurotus ostreatus) with spent coffee grounds","2019","Spent_coffee grounds","Edible mushrooms"
"345","ISI.000473129900028","10.1007/s00253-019-09883-z","Bioactive compounds,Edible mushrooms,Food,Microbial transformation","Caffeine metabolism during cultivation of oyster mushroom (Pleurotus ostreatus) with spent coffee grounds","2019","Spent_coffee grounds","Food"
"346","ISI.000473129900028","10.1007/s00253-019-09883-z","Bioactive compounds,Edible mushrooms,Food,Microbial transformation","Caffeine metabolism during cultivation of oyster mushroom (Pleurotus ostreatus) with spent coffee grounds","2019","Spent_coffee grounds","Microbial transformation"
